"ID","BULLISMO_subitoPrepotenze","BULLISMO_sonoPicchiato","BULLISMO_sonoInsultatoBruttiNomi","BULLISMO_sonoInsultato","BULLISMO_sonoIgnorato","BULLISMO_sonoMinacciato","BULLISMO_sonoEscluso","BULLISMO_sonoPresoCalciEPugni","BULLISMO_vociSulMioConto","BULLISMO_InsultatoPelleOCultura","BULLISMO_rubatoODanneggiatoOggetti","BULLISMO_insultoHandicap","BULLISMO_insultoReligione","BULLISMO_sonoSpinto","BULLISMO_insultoOrientamentoSessuale","BULLISMO_PrendoParteInEpisodiDiViolenza","BULLISMO_HoPicchiato","BULLISMO_HoInsultatoBruttiNomi","BULLISMO_HoPresoInGiro","BULLISMO_HoIgnorato","BULLISMO_HoMinacciato","BULLISMO_HoEscluso","BULLISMO_HoPresoCalciEPugni","BULLISMO_HoMessoInGiroVoci","BULLISMO_HoPresoInGiroPelleCultura","BULLISMO_HoRubatoOggetti","BULLISMO_HoPresoInGiroHandicap","BULLISMO_HoPresoInGiroReligione","BULLISMO_HoSpinto","BULLISMO_HoInsultatoOrientamentoSessuale","CYBERBULLISMO_HoSubito","CYBERBULLISMO_ricevoSmsInsulti","CYBERBULLISMO_ricevoFotoVideoViolenzaCellulare","CYBERBULLISMO_ricevoMinacceInsultiInternet","CYBERBULLISMO_ricevoTelefonateMute","CYBERBULLISMO_ricevoMinacceInsulti","CYBERBULLISMO_ricevoSituazioneImbarazzantiCellulare","CYBERBULLISMO_ricevoTelefonateMinacceInsulti","CYBERBULLISMO_ricevoSceneViolenzaInternet","CYBERBULLISMO_ricevoVociNonVereTelefono","CYBERBULLISMO_ricevoSceneImbarazzantiInternet","CYBERBULLISMO_MiHannoManipolatoMateriale","CYBERBULLISMO_SonoStatoIgnoratoGruppo","CYBERBULLISMO_HannoPresoImmaginiMie","CYBERBULLISMO_VociNonVereSuDiMeInternet","CYBERBULLISMO_HannoRubatoAccountSocial","CYBERBULLISMO_MiHannoEsclusoDaiGruppi","CYBERBULLISMO_MiHannoRubatoIdentita","CYBERBULLISMO_sonoStatoBloccato","CYBERBULLISMO_partecipaCyberbullismo","CYBERBULLISMO_inviareSMSMinacce","CYBERBULLISMO_inviareViolenzaCellulare","CYBERBULLISMO_minacceInsultiInternet","CYBERBULLISMO_telefonateMute","CYBERBULLISMO_inviareMinacce","CYBERBULLISMO_invioFotoImbarazzatiCellulare","CYBERBULLISMO_telefonareMinacciare","CYBERBULLISMO_inviareVideoFotoViolenza","CYBERBULLISMO_DiffondereVociFalse","CYBERBULLISMO_InvioContenutiImbarazzanti","CYBERBULLISMO_manupolareImmagini","CYBERBULLISMO_ignorareSuiGruppi","CYBERBULLISMO_appropriarsiFoto","CYBERBULLISMO_VociSuQualcuno","CYBERBULLISMO_appropriarsi_AccountSocial","CYBERBULLISMO_escludereDaiGruppi","CYBERBULLISMO_appropriarsi_identita","CYBERBULLISMO_bloccare_escludere","Caso_Bullismo"
"Row1",4,1,4,4,4,3,4,1,4,0,2,1,0,1,0,0,0,1,1,1,0,1,0,0,0,0,0,0,0,1,0,1,1,1,1,0,0,1,2,2,2,0,0,1,1,0,1,0,1,0,0,0,0,1,0,0,1,1,0,0,0,1,0,0,0,0,0,0,"0"
"Row2",1,1,4,2,4,1,2,3,4,0,2,0,0,2,4,0,0,0,1,1,0,0,0,0,0,0,0,0,0,0,0,1,0,0,1,0,0,0,0,0,0,0,1,0,1,1,1,1,1,0,0,0,0,0,0,0,0,0,0,0,0,0,0,0,0,0,0,0,"0"
"Row3",1,1,1,2,2,1,1,0,1,0,1,0,0,1,0,0,1,1,1,2,0,0,1,0,0,0,0,0,1,1,0,1,0,1,1,0,0,1,0,1,0,0,0,0,0,0,0,0,0,0,0,0,0,0,0,0,0,0,0,0,0,0,0,0,0,0,0,0,"1"
"Row5",1,1,2,1,1,0,1,0,0,0,0,1,0,0,0,1,0,1,1,1,0,0,0,0,1,0,1,0,0,3,1,0,0,0,0,0,0,0,0,0,0,0,1,0,0,0,0,0,0,0,0,0,0,0,0,0,0,0,0,0,0,1,0,0,0,0,0,0,"0"
"Row6",2,0,2,3,1,2,1,0,2,0,0,1,0,0,0,1,1,1,2,1,1,1,0,1,1,0,0,1,0,0,0,0,1,0,0,0,2,0,4,1,4,0,0,0,0,0,0,0,0,0,0,0,0,0,0,0,0,0,0,1,0,0,0,0,0,0,0,0,"1"
"Row7",1,1,1,1,0,0,0,0,0,0,0,0,0,0,0,0,0,1,1,0,0,0,0,0,0,0,0,0,0,0,0,0,0,0,0,0,0,0,0,0,0,0,0,0,0,0,0,0,0,0,0,0,0,0,0,0,0,0,0,0,0,0,0,0,0,0,0,0,"0"
"Row8",0,0,0,0,0,0,0,0,1,0,0,0,0,1,0,0,0,0,0,1,0,0,0,0,0,0,0,0,0,0,0,0,0,0,1,0,0,0,0,0,0,0,0,0,0,0,0,0,1,0,0,0,0,0,0,0,0,0,0,0,0,0,0,0,0,0,0,0,"0"
"Row9",0,0,1,1,0,0,0,0,0,0,0,0,0,0,0,1,0,0,0,0,0,0,0,0,0,0,0,0,0,0,0,0,0,0,0,0,0,0,0,0,0,0,0,0,0,0,0,0,0,0,0,0,0,0,0,0,0,0,0,0,0,0,0,0,0,0,0,0,"0"
"Row10",1,0,0,0,1,0,1,0,0,0,0,0,0,0,0,1,0,0,1,1,0,0,0,0,0,0,0,0,0,0,0,0,0,0,0,0,0,0,0,0,1,0,0,0,0,0,0,0,0,0,0,0,0,0,0,0,0,0,0,0,0,0,0,0,0,0,0,0,"0"
"Row11",1,0,1,2,1,2,1,0,1,0,1,0,1,1,1,0,0,0,0,0,0,0,0,0,0,0,0,0,0,0,0,0,0,0,0,0,0,0,0,0,0,0,0,0,0,0,0,0,0,0,0,0,0,0,0,0,0,0,0,0,0,0,0,0,0,0,0,0,"0"
"Row12",3,1,4,4,3,3,2,1,2,0,4,1,0,3,1,2,1,3,4,2,1,2,1,2,1,2,2,1,1,1,1,1,2,1,1,0,2,1,2,2,2,2,1,1,1,1,1,0,1,1,1,0,2,2,0,2,1,1,2,0,1,2,1,1,1,1,0,1,"1"
"Row13",3,0,2,3,3,0,1,0,0,0,0,0,0,2,0,0,0,1,1,1,0,0,0,0,0,0,0,0,0,0,0,0,0,0,0,0,0,0,0,0,0,0,0,0,0,0,0,0,1,0,0,0,0,0,0,0,0,0,0,0,0,0,0,0,0,0,0,1,"0"
"Row15",0,1,2,0,2,1,0,1,2,1,1,0,0,0,0,0,0,0,0,0,1,0,0,1,0,1,0,1,1,0,1,0,1,0,0,1,0,0,1,0,1,2,1,1,1,1,1,1,1,1,1,1,0,1,0,0,0,1,0,0,1,0,1,0,1,0,0,1,"0"
"Row16",0,0,0,0,0,0,0,0,1,0,0,0,0,0,0,0,0,0,0,0,0,0,0,0,0,0,0,0,0,0,0,0,0,0,1,0,1,0,0,0,0,0,0,0,0,0,0,0,0,0,0,0,0,0,0,0,0,0,0,0,0,0,0,0,0,0,0,0,"0"
"Row18",1,0,1,1,0,0,0,0,0,0,0,1,0,0,0,0,0,2,2,0,0,0,0,0,0,0,0,0,0,0,0,0,0,1,0,0,0,0,0,4,0,1,0,0,0,0,0,0,0,0,0,0,0,0,0,0,0,0,0,0,0,0,0,0,0,0,0,0,"0"
"Row19",2,0,0,2,0,1,0,0,0,0,1,0,0,1,0,0,0,0,0,0,0,0,0,0,0,0,0,0,0,0,1,0,0,0,0,0,0,0,0,0,0,1,0,1,0,1,0,0,0,0,0,0,0,0,0,0,0,0,0,0,0,0,0,0,0,0,0,0,"0"
"Row20",0,0,1,1,0,0,1,0,1,0,0,0,0,0,0,0,0,1,0,1,0,0,0,0,0,0,0,0,0,2,0,0,0,0,1,0,0,0,2,0,0,0,0,0,1,0,0,0,0,0,0,0,0,0,0,0,0,0,0,0,0,0,0,0,0,0,0,0,"0"
"Row21",0,0,1,0,0,1,0,0,0,0,1,0,0,0,0,0,0,0,0,1,0,0,0,0,0,0,0,0,0,1,0,0,0,0,2,0,0,0,0,0,0,1,1,0,0,0,0,0,0,0,0,0,0,0,0,0,0,0,0,0,0,0,0,0,0,0,0,0,"0"
"Row22",4,1,4,1,4,1,4,1,1,0,0,0,0,1,0,0,1,3,3,1,0,1,0,0,1,0,0,0,1,1,0,0,3,0,0,0,0,0,3,0,0,0,0,0,0,0,0,0,0,0,1,1,0,0,0,0,0,0,0,0,0,0,0,0,0,0,0,0,"1"
"Row23",0,0,1,0,0,0,0,0,0,0,0,0,0,0,0,0,0,0,0,0,0,0,0,0,0,0,0,0,0,0,0,0,1,0,3,0,0,0,2,0,0,0,0,0,0,0,0,0,0,0,4,0,0,0,0,0,0,0,0,0,0,0,0,0,0,0,0,0,"0"
"Row25",4,0,4,4,4,0,1,0,1,0,1,0,0,0,0,0,0,1,0,1,1,0,0,0,0,0,0,0,0,0,0,0,0,0,0,0,0,0,0,0,0,0,0,0,0,0,0,0,0,0,0,0,0,0,0,0,0,0,0,0,0,0,0,0,0,0,0,0,"0"
"Row26",1,0,1,1,1,1,2,0,2,0,0,0,0,0,2,0,0,1,1,1,0,0,0,1,0,0,0,0,0,0,0,0,0,0,1,0,0,0,3,1,0,0,0,0,1,1,0,0,0,0,0,0,0,0,0,0,0,0,0,0,0,0,0,0,0,0,0,0,"0"
"Row27",1,0,0,1,1,1,1,0,0,0,1,0,0,1,0,1,0,0,1,0,0,0,0,0,0,0,0,0,0,1,0,0,1,0,0,0,0,0,3,0,0,0,1,0,0,0,0,0,1,1,0,1,0,0,0,0,0,2,0,1,0,0,0,0,0,0,0,0,"0"
"Row28",0,0,4,4,3,0,3,0,2,1,0,0,4,1,0,0,0,1,0,0,0,1,0,0,0,0,0,0,0,0,0,0,1,0,0,0,1,0,1,1,1,0,1,0,0,0,1,0,1,0,0,0,0,0,0,0,0,0,0,0,0,0,0,0,0,0,0,1,"0"
"Row29",1,0,1,1,1,0,1,0,0,0,0,0,0,0,0,0,0,0,1,0,0,0,0,0,0,0,0,0,0,0,0,0,0,0,0,0,0,0,0,0,0,0,0,0,0,0,0,0,0,0,0,0,0,0,0,0,0,0,0,0,0,0,0,0,0,0,0,0,"0"
"Row30",1,0,1,1,0,0,0,0,0,1,1,0,0,0,0,1,0,1,2,4,0,0,0,1,0,0,0,0,0,0,0,0,0,0,1,0,0,0,0,1,0,0,0,0,0,0,0,0,0,1,0,0,0,1,0,0,0,0,1,0,0,1,0,0,0,4,0,0,"1"
"Row33",1,0,1,1,2,1,4,0,1,0,1,1,0,0,1,1,0,1,1,0,0,0,0,0,0,0,0,0,0,0,0,1,2,1,1,0,1,0,1,0,2,2,2,1,0,0,2,0,1,0,0,0,0,0,0,0,0,0,0,0,0,0,0,0,0,0,0,0,"0"
"Row34",1,0,1,1,1,0,1,0,1,0,0,0,0,0,0,0,0,1,1,1,0,1,0,0,0,0,0,0,0,0,0,0,0,0,0,0,1,0,0,0,0,0,0,0,0,0,0,0,1,0,0,0,0,0,0,0,0,0,0,0,0,1,0,0,0,0,0,0,"0"
"Row35",1,0,1,1,1,0,2,0,1,0,0,0,0,0,1,0,0,1,0,1,0,0,0,0,0,0,0,0,0,0,2,0,0,3,1,0,0,0,0,3,0,0,1,0,1,0,1,0,1,0,0,0,0,0,0,0,0,0,0,0,0,0,0,0,0,0,0,1,"0"
"Row36",3,0,2,2,3,0,4,0,4,0,2,0,0,1,0,0,0,1,0,0,0,0,0,1,0,0,0,0,1,0,0,0,0,0,1,0,0,0,0,1,0,0,0,0,0,0,1,0,0,0,0,0,0,0,0,0,0,0,0,0,0,0,0,0,0,0,0,0,"0"
"Row37",3,1,2,3,4,1,2,0,2,0,1,0,0,1,0,0,0,1,1,1,0,0,0,0,0,0,0,0,0,0,0,1,0,0,0,0,0,0,0,1,0,0,1,0,0,0,0,0,0,0,0,0,0,0,0,0,0,0,0,0,0,0,0,0,0,0,0,0,"0"
"Row38",1,0,0,0,1,0,1,0,0,0,0,0,0,0,0,1,0,0,1,0,0,0,0,0,0,0,0,0,0,0,0,0,0,0,1,0,0,0,0,0,2,0,0,0,1,0,0,0,0,0,0,0,0,0,0,1,0,0,0,0,0,0,0,0,0,0,0,0,"0"
"Row41",1,1,1,1,1,1,1,1,1,2,0,0,0,1,0,1,1,2,2,2,1,1,1,1,0,0,0,0,0,1,0,1,0,1,1,0,1,1,1,0,1,1,1,1,0,0,1,0,0,0,0,1,0,0,0,1,1,1,0,1,0,0,0,0,0,0,0,1,"1"
"Row42",0,0,0,1,0,0,0,0,0,0,1,0,0,0,0,1,0,0,0,0,1,0,0,0,0,0,0,0,0,0,0,0,0,0,0,0,0,0,0,0,0,0,0,0,0,0,0,0,0,0,0,0,0,0,0,0,0,0,0,0,0,0,0,0,0,0,0,0,"0"
"Row45",2,0,4,4,4,2,4,1,1,0,1,0,0,1,1,0,0,0,1,1,0,1,0,0,0,0,0,0,0,0,0,1,0,1,0,0,0,0,0,0,0,0,0,0,0,0,0,0,0,0,0,0,0,0,0,0,0,0,0,0,0,0,0,0,0,0,0,0,"0"
"Row46",1,0,0,1,0,0,0,0,0,0,0,0,0,0,0,0,0,1,1,0,0,0,0,0,0,0,0,0,0,0,0,0,0,0,1,0,0,0,0,0,0,0,0,0,0,0,0,0,0,0,0,0,0,1,0,0,0,0,0,0,0,0,0,0,0,0,0,0,"0"
"Row47",4,0,4,4,4,0,4,0,0,0,0,0,0,0,0,0,0,1,1,1,0,0,0,0,0,0,0,0,0,0,0,0,0,0,0,0,0,0,0,0,0,0,0,0,0,0,0,0,0,0,0,0,0,0,0,0,0,0,0,0,0,0,0,0,0,0,0,0,"0"
"Row48",3,1,4,4,4,1,4,1,1,4,4,0,4,1,1,1,0,1,0,0,0,0,0,0,0,0,0,0,1,0,0,0,0,1,2,0,0,1,0,1,0,0,1,0,0,0,1,0,1,0,0,0,0,0,0,0,0,0,0,0,0,0,0,0,0,0,0,0,"0"
"Row50",1,0,0,1,0,0,0,0,0,0,1,0,0,0,0,1,0,0,1,1,0,0,0,0,0,0,0,0,0,0,0,0,0,0,0,0,0,0,1,0,1,0,0,0,0,0,0,0,0,0,0,0,0,0,0,0,0,0,0,0,0,0,0,0,0,0,0,0,"0"
"Row51",1,0,0,1,0,0,0,0,0,0,0,0,0,0,0,0,0,0,1,0,0,0,0,0,0,0,0,0,0,0,0,0,0,0,0,0,0,0,0,0,0,0,0,0,0,0,0,0,0,0,0,0,0,0,0,0,0,0,0,0,0,0,0,0,0,0,0,0,"0"
"Row52",0,0,0,0,0,0,0,0,1,0,0,0,0,0,0,0,0,0,0,0,0,0,0,0,0,0,0,0,0,0,0,0,0,0,0,0,0,0,0,0,0,0,0,0,0,0,0,0,0,0,0,0,0,0,0,0,0,0,0,0,0,0,0,0,0,0,0,0,"0"
"Row53",1,0,1,2,1,0,1,0,1,0,0,0,0,0,1,0,0,1,0,0,0,0,0,1,0,0,0,0,0,0,0,0,1,0,1,0,0,0,1,1,0,0,1,0,1,1,1,0,1,0,0,0,0,0,0,0,0,0,0,0,0,0,0,0,0,0,0,0,"0"
"Row54",2,0,1,3,4,1,4,0,2,0,1,0,0,1,2,0,0,0,0,1,0,0,0,0,0,0,0,0,1,0,0,0,0,0,0,0,0,0,0,0,0,0,2,1,1,0,2,0,1,0,0,0,0,0,0,0,0,0,0,0,0,0,0,0,0,0,0,0,"0"
"Row55",0,0,0,1,2,0,2,0,0,0,0,0,0,0,0,0,0,0,0,0,0,0,0,0,0,0,0,0,0,0,0,0,1,0,0,0,0,0,0,0,0,0,0,0,0,0,0,0,0,0,0,0,0,0,0,0,0,0,0,0,0,0,0,0,0,0,0,0,"0"
"Row56",1,1,1,1,1,2,1,1,1,0,1,0,0,1,0,0,0,0,1,1,0,0,0,0,0,0,0,0,0,0,0,1,1,1,1,0,0,0,0,0,0,1,1,1,1,1,1,1,1,1,0,0,0,0,0,0,0,0,0,0,0,0,0,0,0,0,0,0,"0"
"Row58",2,0,4,2,0,0,0,1,0,0,0,0,0,1,0,0,0,0,0,1,0,1,0,0,0,0,0,0,0,0,0,0,0,0,0,0,0,0,0,0,0,0,0,0,0,0,0,0,0,0,0,0,0,0,0,0,0,0,0,0,0,0,0,0,0,0,0,0,"0"
"Row59",1,1,1,1,0,0,0,1,0,0,0,0,0,0,0,0,0,0,0,0,0,0,0,0,0,0,0,0,0,0,0,0,0,0,0,0,0,0,0,0,0,0,0,0,0,0,0,0,0,0,0,0,0,0,0,0,0,0,0,0,0,0,0,0,0,0,0,0,"0"
"Row64",0,0,0,0,0,0,0,0,0,0,0,0,0,0,0,1,0,1,0,0,0,0,0,0,0,0,0,0,0,0,0,0,0,0,0,0,0,0,0,1,1,0,1,0,1,0,1,1,1,0,1,2,1,0,1,1,2,0,1,1,0,2,1,1,1,1,0,1,"1"
"Row65",2,2,0,1,0,0,1,1,0,0,0,0,0,2,0,0,0,0,1,1,0,1,0,0,0,0,0,0,0,0,0,0,1,0,0,0,0,0,1,0,1,0,1,0,0,0,0,0,0,0,0,0,0,0,0,0,0,0,0,0,0,0,0,0,0,0,0,0,"0"
"Row66",1,1,2,1,0,0,0,0,0,0,0,0,0,0,0,0,1,1,2,2,1,2,1,1,0,0,0,0,0,0,0,0,0,0,0,0,0,0,0,0,0,0,0,0,0,0,0,0,0,0,0,0,0,0,0,0,0,0,0,0,0,0,0,0,0,0,0,0,"1"
"Row67",1,0,1,1,1,0,1,0,1,0,1,0,0,1,0,1,0,0,0,0,0,0,0,0,0,0,0,0,0,0,0,0,0,1,1,0,0,0,0,1,0,0,1,0,0,0,1,0,1,0,0,0,0,0,0,0,0,0,0,0,0,0,0,0,0,0,0,0,"0"
"Row68",2,1,3,3,2,1,1,1,1,0,1,0,0,1,0,2,0,1,1,0,0,0,0,1,0,0,0,0,0,0,1,2,1,2,4,1,2,0,2,1,1,0,0,1,1,0,0,0,0,0,1,0,0,0,0,0,0,0,0,0,0,0,0,0,0,0,0,0,"0"
"Row69",1,1,1,2,0,0,0,1,0,0,0,0,0,1,0,1,1,2,2,0,0,0,0,0,0,0,0,1,0,0,0,0,0,0,0,0,0,0,0,0,0,0,0,0,0,0,0,0,0,0,0,0,0,0,0,0,0,0,0,0,0,0,0,0,0,0,0,0,"0"
"Row70",1,1,4,4,4,0,1,1,1,0,1,0,0,1,0,0,0,0,0,1,0,1,0,1,0,0,0,0,1,0,1,0,0,0,1,0,0,0,1,0,0,1,1,1,0,1,1,1,1,0,0,0,0,0,0,0,0,0,0,0,0,0,0,0,0,0,0,0,"0"
"Row71",1,0,1,3,4,4,1,1,4,0,0,0,0,2,0,0,0,0,0,0,0,0,0,0,0,0,0,0,0,0,1,0,0,0,0,0,0,0,0,0,0,0,0,0,0,0,0,0,0,0,0,0,0,0,0,0,0,0,0,0,0,0,0,0,0,0,0,0,"0"
"Row72",1,1,0,1,1,0,1,1,1,0,0,1,0,1,0,0,0,0,0,0,0,0,0,0,0,0,0,0,0,0,1,1,0,1,0,0,0,0,0,0,0,0,0,0,0,0,1,0,1,0,0,0,0,0,0,0,0,0,0,0,0,0,0,0,0,0,0,0,"0"
"Row74",1,0,1,1,1,1,1,0,0,0,0,0,0,0,0,1,0,0,0,0,0,0,0,0,0,0,0,0,0,0,0,0,1,0,1,0,0,0,1,1,0,0,0,0,0,0,0,0,1,1,0,0,0,0,0,0,0,0,0,0,0,0,0,0,0,0,0,0,"0"
"Row75",0,0,0,1,0,0,0,0,0,0,0,0,0,0,0,1,0,0,0,0,0,0,0,0,0,0,0,0,0,0,0,0,0,0,0,0,0,0,0,0,1,0,0,1,0,0,0,0,0,0,0,0,0,0,0,0,0,0,0,0,0,0,0,0,0,0,0,0,"0"
"Row77",0,0,0,0,0,0,0,0,0,0,0,0,0,0,0,1,1,1,1,0,1,0,0,0,0,1,0,0,1,0,0,0,0,0,0,0,0,0,0,1,0,0,0,0,0,0,0,0,0,0,0,0,0,0,0,0,0,0,0,0,0,0,0,0,0,0,0,0,"0"
"Row79",0,0,0,0,0,0,0,0,0,0,0,0,0,0,0,0,1,1,2,0,0,0,0,0,0,0,0,0,0,0,0,0,0,0,0,0,0,0,0,0,0,0,0,0,0,0,0,0,0,0,0,0,0,0,0,0,0,0,0,0,0,0,0,0,0,0,0,0,"0"
"Row80",1,0,0,1,0,0,0,0,0,0,0,0,0,0,0,0,0,0,0,0,0,0,0,0,0,0,0,0,0,0,0,0,0,0,0,0,0,0,0,0,0,0,0,0,0,0,0,0,0,1,0,0,0,0,0,0,0,0,0,0,0,0,0,0,0,0,0,0,"0"
"Row81",1,0,4,4,0,1,0,0,0,,,0,0,2,0,,,4,,1,3,0,1,0,1,1,0,1,1,4,1,1,1,1,4,0,,1,,0,0,,,,,1,0,0,,1,,,,,0,,1,,,0,0,0,0,0,0,0,0,0,"1"
"Row82",2,1,4,4,3,3,3,1,2,3,1,0,0,1,0,1,1,1,1,0,0,0,1,0,0,0,0,0,0,0,0,0,0,0,1,0,0,1,0,0,0,0,1,0,0,0,1,0,1,0,0,0,0,0,0,0,0,0,0,0,0,0,0,0,0,0,0,0,"0"
"Row84",4,4,4,1,0,0,0,1,1,0,0,0,1,0,1,4,1,4,4,0,0,0,0,0,0,0,3,0,1,3,4,3,3,1,4,0,3,1,1,4,1,0,0,1,1,1,0,1,1,0,4,0,1,4,0,1,4,0,0,0,0,0,0,0,1,0,0,0,"1"
"Row86",1,0,1,0,0,0,0,0,0,0,1,0,0,0,0,0,0,1,0,1,0,1,0,0,0,0,0,0,0,0,0,0,0,0,0,0,0,0,0,0,0,0,0,0,0,0,,0,0,0,0,0,0,0,0,0,0,0,0,0,0,0,0,0,0,0,0,0,"0"
"Row88",1,1,4,2,0,0,0,1,2,0,0,0,0,0,3,4,0,4,4,1,,1,1,4,3,1,0,0,2,4,1,1,0,0,1,1,0,0,0,3,0,0,0,3,2,0,1,1,3,1,2,0,0,0,0,0,3,0,4,0,0,3,0,0,0,0,0,0,"1"
"Row91",1,0,2,3,0,0,0,0,1,0,1,0,0,1,0,0,0,2,3,1,0,0,0,0,0,0,0,0,1,0,0,1,0,1,0,0,0,0,0,1,0,0,0,0,1,1,1,0,0,0,0,0,0,0,0,0,0,0,0,0,0,0,0,0,0,0,0,1,"0"
"Row93",1,0,,,0,0,0,0,0,0,0,1,0,1,4,0,0,0,0,0,0,0,0,0,0,0,0,0,0,1,1,2,1,2,0,0,1,0,1,2,1,0,0,2,2,1,0,0,0,1,1,0,1,0,0,0,1,1,0,0,0,0,0,1,0,0,0,0,"0"
"Row94",1,1,1,1,1,0,1,0,0,0,0,0,0,0,0,0,0,1,1,1,0,0,0,0,0,0,0,0,0,0,0,0,0,0,0,0,0,0,0,0,0,0,1,0,0,0,0,0,0,0,0,0,0,0,0,0,0,0,0,0,0,0,0,0,0,0,0,0,"0"
"Row95",1,1,1,1,1,1,0,0,1,0,0,0,0,0,0,0,0,1,1,1,0,0,0,0,0,0,0,0,0,0,0,0,0,0,0,0,0,0,0,0,0,0,1,0,0,0,1,0,1,0,0,0,0,0,0,0,0,0,0,0,0,0,0,0,0,0,0,0,"0"
"Row97",1,0,0,1,1,0,1,0,0,0,0,0,0,0,0,0,0,0,0,0,0,0,0,0,0,0,0,0,0,0,0,0,0,0,0,0,0,0,0,0,0,0,0,0,0,0,0,0,0,0,0,0,0,0,0,0,0,0,0,0,0,0,0,0,0,0,0,0,"0"
"Row98",0,0,0,0,0,0,0,0,0,0,0,0,0,0,0,0,0,0,0,0,0,0,0,0,0,0,0,0,0,0,0,0,0,0,0,0,0,0,0,0,0,0,0,0,0,0,0,0,0,,0,0,0,0,0,0,0,0,0,0,0,0,0,0,0,0,0,0,"0"
"Row99",0,0,1,1,0,,0,0,0,0,2,0,0,0,0,0,0,2,1,0,1,0,0,0,0,0,0,0,0,3,0,0,0,0,1,0,0,0,0,0,0,0,0,0,0,0,0,0,1,0,0,0,0,0,0,0,0,0,0,0,0,0,0,0,0,0,,0,"0"
"Row100",2,4,2,2,0,4,3,1,0,4,2,1,0,4,2,0,0,4,3,1,0,2,3,2,1,4,3,0,1,1,2,1,3,4,3,2,0,1,1,2,2,4,3,2,1,1,0,3,2,2,3,2,4,3,0,2,4,2,2,0,3,3,,2,1,1,4,3,"1"
"Row101",0,0,0,0,0,0,0,0,0,0,0,0,0,0,0,0,0,1,0,1,0,0,0,0,0,0,0,0,0,0,0,0,0,0,0,0,0,0,0,0,0,0,0,0,0,0,0,0,0,0,0,0,0,0,0,0,0,0,0,0,0,0,0,0,0,0,,0,"0"
"Row102",1,0,2,1,2,1,1,0,0,0,1,0,0,1,0,0,0,4,4,4,0,2,0,0,0,0,0,0,0,0,0,0,0,0,1,0,1,0,0,1,0,0,1,0,0,0,1,0,1,0,0,0,0,0,0,0,0,0,0,0,0,0,0,0,0,0,0,0,"1"
"Row103",1,1,4,4,0,0,2,1,4,0,0,0,0,2,0,0,1,0,0,0,0,0,0,0,0,0,0,0,0,0,0,0,0,0,0,0,0,0,0,0,0,1,0,0,0,0,0,0,0,0,0,0,0,0,0,0,0,0,0,0,0,0,0,0,0,0,0,0,"0"
"Row104",0,,,0,0,0,0,0,0,0,0,0,0,0,0,1,1,1,1,0,0,0,0,0,0,0,0,0,0,0,0,0,,0,0,,0,0,0,0,0,0,0,0,0,0,0,0,0,0,0,,0,0,0,0,0,0,0,0,0,0,0,0,0,0,0,0,"0"
"Row105",1,0,3,4,2,0,0,3,1,4,0,4,2,1,4,0,4,1,1,1,1,4,0,1,3,1,0,0,0,4,1,2,0,4,0,0,0,0,0,0,0,,0,0,0,0,0,0,0,0,0,0,0,0,0,0,0,0,0,0,0,0,0,0,0,0,0,0,"1"
"Row107",1,1,1,0,0,1,0,0,0,0,0,0,0,2,4,2,3,0,4,2,2,0,2,0,0,3,0,0,4,4,0,1,0,0,0,0,0,1,0,0,0,0,0,0,0,0,0,0,4,0,0,0,0,0,0,1,0,0,0,0,0,0,0,0,0,0,0,2,"1"
"Row108",0,0,3,4,1,3,1,1,1,0,0,0,0,0,0,1,1,1,1,1,1,1,2,0,0,1,0,0,1,0,0,0,0,0,0,0,0,0,0,0,0,0,0,0,0,0,0,0,0,1,1,0,1,1,0,0,0,0,0,0,0,4,0,0,0,4,0,1,"1"
"Row109",1,0,1,1,1,0,1,0,0,0,0,0,0,0,0,1,0,1,1,1,0,1,0,0,0,0,0,0,0,0,0,0,0,1,0,0,0,0,0,0,0,0,0,0,0,0,1,0,0,0,0,0,0,0,0,0,0,0,0,0,0,0,0,0,0,0,0,0,"0"
"Row110",1,0,1,1,1,1,1,0,1,0,1,0,0,0,0,1,0,1,1,1,1,1,0,1,1,1,0,0,0,1,1,1,1,1,1,0,1,1,1,1,1,1,1,0,1,0,0,0,1,1,0,1,0,1,0,0,0,0,0,0,1,1,0,0,0,1,0,1,"0"
"Row111",4,1,4,4,4,1,4,1,1,0,0,0,0,2,0,0,1,0,0,0,0,0,1,0,0,0,0,0,0,0,1,0,0,0,0,0,0,0,0,0,0,0,1,0,0,0,1,0,0,0,0,0,0,0,0,0,0,0,0,0,0,0,0,0,0,0,0,0,"0"
"Row112",0,0,1,0,0,0,0,0,0,0,1,0,0,0,0,0,0,0,0,1,0,0,0,0,0,0,0,0,0,0,0,0,0,0,1,0,0,0,0,0,0,0,0,0,1,0,0,0,1,0,0,0,0,0,0,0,0,0,0,0,0,0,0,0,0,0,1,1,"0"
"Row113",1,0,1,1,1,0,1,0,0,0,1,0,0,0,0,0,0,0,0,1,0,0,0,0,0,0,0,0,0,0,0,0,0,0,1,0,0,0,0,0,0,0,0,0,0,0,1,0,0,0,0,0,0,0,0,0,0,0,0,0,0,0,0,0,0,0,0,0,"0"
"Row114",2,1,4,4,4,4,4,1,4,0,4,0,0,4,0,0,1,1,0,0,0,0,0,0,0,1,0,0,0,0,0,1,0,1,0,1,0,0,0,1,0,2,2,2,0,0,0,0,2,0,0,0,0,0,0,0,0,0,0,0,0,0,0,0,0,0,0,0,"0"
"Row116",1,1,1,1,1,1,1,0,1,0,1,2,0,1,2,0,0,0,0,1,0,0,0,0,0,0,0,0,0,0,1,1,0,0,0,1,1,0,0,0,0,0,0,0,0,0,1,0,1,1,0,0,0,0,0,0,0,1,0,0,0,0,0,0,0,0,0,0,"0"
"Row117",3,0,4,3,0,0,0,0,0,0,0,0,0,1,4,1,1,4,4,1,2,0,1,0,0,1,0,0,1,4,0,0,1,4,1,0,0,0,0,0,0,0,0,0,0,0,1,0,1,0,0,0,0,1,0,0,0,0,0,0,0,1,0,0,0,0,0,1,"1"
"Row118",0,0,4,0,0,0,0,0,0,0,0,0,0,0,0,1,0,1,0,1,0,0,0,1,0,0,0,0,0,0,0,0,0,0,0,0,0,0,0,1,0,0,2,0,0,0,0,0,1,0,0,0,0,0,0,0,0,0,0,0,0,0,0,0,0,0,0,0,"0"
"Row119",0,0,0,0,0,0,0,0,0,0,0,0,0,0,0,0,1,0,0,0,0,0,1,0,0,0,0,0,0,0,0,0,0,0,0,0,0,0,0,0,0,0,0,0,0,0,0,0,0,0,0,0,0,0,0,0,0,0,0,0,0,0,0,0,0,0,0,0,"0"
"Row120",1,0,1,1,0,2,0,0,1,1,0,0,0,0,0,4,4,4,2,3,4,0,4,0,0,0,0,0,2,0,0,0,0,0,0,0,0,0,0,1,0,0,0,0,0,0,0,0,0,0,0,0,0,4,0,0,4,0,0,0,0,0,0,0,0,0,0,0,"1"
"Row121",0,0,0,1,0,0,0,0,0,0,0,0,0,0,0,1,3,0,1,1,0,0,1,2,0,0,3,0,0,0,0,0,1,0,0,0,0,0,0,0,0,0,0,0,0,0,0,0,0,0,0,0,0,0,0,0,0,0,0,0,0,0,0,0,0,0,0,0,"1"
"Row122",0,0,1,0,1,0,1,0,2,0,1,0,0,0,0,1,1,4,0,1,1,0,0,1,0,0,0,0,0,0,0,1,1,1,1,0,0,0,0,2,1,0,0,0,1,0,0,0,0,1,0,0,0,0,0,0,0,0,0,0,0,0,0,1,4,4,0,1,"1"
"Row128",4,0,4,4,2,2,2,0,2,0,0,0,0,0,0,1,0,0,1,0,0,0,0,0,0,0,0,0,0,0,1,1,0,1,2,0,1,2,1,1,2,1,2,0,1,1,2,2,1,1,2,1,0,0,1,0,0,1,0,2,1,0,1,1,1,2,2,1,"1"
"Row129",4,0,1,1,1,0,1,0,0,0,2,0,0,1,0,1,0,2,0,0,1,0,0,0,0,1,0,0,0,0,0,0,0,0,0,0,0,0,0,0,0,0,0,0,0,0,0,0,0,0,0,0,0,0,0,0,0,0,0,0,0,0,0,0,0,0,0,0,"0"
"Row132",0,0,0,0,0,0,0,0,0,0,0,0,0,0,0,0,0,3,0,0,0,0,0,0,0,0,1,0,0,0,0,0,0,0,0,0,0,0,0,0,0,0,0,0,0,0,0,0,0,0,0,0,0,0,0,0,0,0,0,0,0,0,0,0,0,0,0,0,"0"
"Row133",0,0,0,0,0,0,0,0,0,0,0,0,0,0,0,0,0,1,4,4,0,4,2,3,4,4,0,0,0,1,0,0,0,0,0,0,0,0,0,0,0,0,0,0,0,0,0,0,0,0,0,0,0,0,0,0,0,0,0,0,0,0,0,0,0,0,0,0,"1"
"Row134",0,0,0,0,0,0,0,0,0,0,0,0,0,0,0,0,0,0,0,0,0,0,0,0,0,0,0,0,0,0,0,0,0,0,0,0,0,0,0,0,0,0,0,0,0,0,0,0,0,0,0,0,0,0,0,0,0,0,0,0,0,0,0,0,0,0,0,0,"0"
"Row135",0,0,1,2,4,0,4,0,0,0,0,0,0,0,0,2,0,0,0,1,0,2,0,0,0,0,0,0,0,0,0,0,0,0,0,0,0,0,0,0,0,0,0,0,0,0,0,0,0,0,0,0,0,0,0,0,0,0,0,0,0,0,0,0,0,0,0,0,"0"
"Row138",0,0,0,0,0,0,0,0,0,0,0,0,0,0,0,0,0,0,0,0,0,0,0,0,0,0,0,0,0,0,0,0,0,0,0,0,0,0,0,0,0,0,0,0,0,0,0,0,0,0,0,0,0,0,0,0,0,0,0,0,0,0,0,0,0,0,0,0,"0"
"Row139",0,0,0,1,0,0,0,0,0,1,0,0,0,0,0,0,0,0,0,0,0,0,0,0,0,0,0,0,0,0,0,0,0,0,0,0,0,0,0,0,0,0,0,0,0,0,0,0,0,0,0,0,0,0,0,0,0,0,0,0,0,0,0,0,0,0,0,0,"0"
"Row141",4,0,0,0,0,0,0,0,0,0,1,0,0,0,0,0,1,1,1,0,0,0,0,0,0,0,0,0,0,0,0,0,0,0,2,0,0,0,0,0,0,0,0,0,0,0,0,0,0,0,0,0,0,0,0,0,0,0,1,0,0,2,0,0,0,0,0,1,"0"
"Row142",4,4,4,4,4,4,4,4,4,4,4,4,4,4,4,4,1,1,1,2,1,4,3,2,4,2,3,2,3,3,1,2,3,3,2,1,1,1,0,0,2,3,4,1,3,0,2,3,2,0,3,1,2,3,3,4,3,0,3,2,3,2,0,3,2,2,2,3,"1"
"Row143",1,4,4,4,4,4,1,4,4,1,1,1,1,1,0,0,0,0,1,1,1,0,1,1,0,0,0,0,0,0,0,0,0,0,1,0,0,0,0,0,0,0,0,0,0,0,0,0,0,0,0,0,0,0,0,0,0,0,0,0,0,0,0,0,0,0,0,0,"0"
"Row144",0,0,0,0,0,0,0,0,0,0,,,0,0,,0,1,0,1,0,0,0,0,0,0,0,0,0,0,1,0,0,0,0,1,0,0,0,0,0,0,0,0,,0,0,0,0,0,0,0,0,0,1,1,0,0,0,1,0,0,0,0,0,0,0,0,0,"0"
"Row146",0,0,0,0,,,0,0,0,0,0,0,0,0,0,0,0,,0,0,0,0,0,0,0,0,0,0,0,0,0,0,0,0,0,0,0,0,0,0,0,0,0,0,0,0,0,0,0,0,0,0,0,0,0,0,0,0,0,0,0,0,0,0,0,0,0,0,"0"
"Row147",0,0,0,0,0,0,0,0,0,0,0,0,0,0,0,0,3,4,4,0,2,0,1,0,0,0,0,0,0,3,0,0,0,0,1,0,0,0,0,0,0,0,0,0,0,0,0,0,0,0,0,0,0,0,0,0,0,0,0,0,0,0,0,0,0,0,0,0,"1"
"Row148",1,0,1,1,0,1,0,0,0,0,1,0,0,1,0,1,1,3,3,0,2,0,2,1,0,1,0,0,1,3,0,0,0,0,0,0,0,0,0,0,0,0,0,0,0,0,0,0,0,0,0,0,0,0,0,0,0,0,0,0,0,0,0,0,0,0,0,0,"1"
"Row149",0,0,4,0,0,1,0,0,1,0,0,0,0,1,0,1,1,4,0,0,1,0,1,0,0,0,0,0,1,4,0,0,0,0,1,0,1,0,0,1,2,0,0,0,0,0,0,0,1,0,0,0,0,1,0,0,0,0,0,0,0,0,0,0,0,0,0,2,"1"
"Row151",1,1,1,0,2,0,1,0,1,0,1,0,0,1,2,0,0,0,0,1,0,0,0,0,0,0,0,0,0,0,1,1,0,1,1,0,0,0,0,1,0,1,1,1,1,0,1,0,1,0,1,0,0,0,0,0,0,0,0,0,0,0,0,0,0,0,0,0,"0"
"Row153",2,1,0,1,0,0,1,1,0,0,0,0,0,0,1,0,0,1,1,0,0,0,1,0,0,0,0,0,0,1,0,0,0,0,1,0,0,0,1,2,0,0,0,0,1,0,0,0,1,0,0,0,0,1,0,0,0,0,0,0,0,0,0,0,0,0,0,1,"0"
"Row154",0,0,0,0,0,0,0,1,0,0,0,0,0,0,0,0,0,1,1,0,0,0,0,0,0,0,0,0,1,0,0,0,0,0,0,0,0,0,0,1,0,0,0,0,1,0,0,0,1,1,0,0,0,0,0,0,0,0,0,0,0,0,0,0,0,0,0,0,"0"
"Row155",0,0,3,4,0,0,4,0,0,4,2,0,1,0,2,1,0,1,1,2,0,0,0,0,0,0,0,0,0,0,0,0,2,0,4,0,1,4,1,0,1,0,4,4,0,0,0,0,4,0,0,0,0,4,0,2,1,0,0,0,0,0,0,0,0,0,0,0,"0"
"Row156",1,0,3,1,0,1,0,0,1,0,0,0,0,1,4,1,1,4,0,0,1,0,1,0,0,0,0,0,1,4,0,0,0,0,1,0,2,0,0,1,2,0,3,0,0,0,0,0,1,0,0,0,0,1,0,0,0,0,0,0,0,0,0,0,0,0,0,1,"1"
"Row157",3,2,1,1,4,0,2,0,1,0,2,0,0,2,0,0,0,1,2,1,0,0,0,1,0,0,0,0,0,0,0,0,0,0,0,0,0,0,0,0,0,0,1,0,0,0,0,0,0,2,0,0,0,0,0,0,0,0,0,0,0,0,0,0,0,0,0,0,"0"
"Row159",0,0,0,0,1,0,0,0,0,0,0,0,0,0,0,0,0,0,1,0,0,0,0,0,0,0,0,0,0,0,0,0,0,0,0,0,0,0,0,0,0,0,0,0,0,0,0,0,0,0,0,0,0,0,0,0,0,0,0,0,0,0,0,0,0,0,0,0,"0"
"Row163",1,0,3,4,0,0,0,0,0,0,2,0,0,0,2,1,0,1,1,2,0,0,0,0,0,1,0,0,0,1,0,1,0,0,2,0,1,1,0,1,1,0,0,0,0,0,0,0,2,0,1,0,0,1,0,0,0,0,0,0,0,0,0,0,0,1,0,1,"0"
"Row164",2,1,4,4,4,1,2,0,2,0,0,0,0,1,3,2,0,1,1,1,0,0,0,0,0,0,0,0,0,1,2,2,2,2,1,0,2,1,1,1,2,1,2,1,2,1,1,1,0,2,0,1,0,0,0,2,0,1,0,0,0,1,0,0,0,1,0,0,"0"
"Row165",1,1,1,1,1,1,0,1,2,0,1,0,0,1,1,2,2,1,1,1,2,1,2,0,0,1,0,0,1,1,0,1,3,0,1,0,2,1,1,1,1,0,0,0,0,0,0,0,1,0,0,0,1,1,0,1,0,1,0,1,0,1,2,0,0,0,0,1,"1"
"Row168",4,1,4,4,4,1,1,1,4,1,1,0,0,0,1,0,2,4,4,1,0,0,3,1,1,2,0,1,1,4,4,2,2,2,1,0,4,0,0,3,4,1,1,0,2,1,1,0,1,0,2,0,2,4,0,3,1,0,1,0,0,1,0,0,0,1,0,1,"1"
"Row169",0,0,1,0,1,0,2,0,0,0,0,0,0,0,0,0,0,0,0,1,0,1,0,0,0,0,0,0,0,0,0,0,0,0,0,0,0,0,0,0,0,0,2,0,0,0,2,0,0,0,0,0,0,0,0,0,0,0,0,0,0,1,0,0,0,1,0,0,"0"
"Row170",0,0,0,0,1,0,0,0,0,0,0,0,0,1,0,0,0,0,0,0,0,0,0,0,0,0,0,0,0,0,0,0,0,0,1,0,0,0,0,0,0,0,1,1,0,0,0,0,1,0,0,0,0,0,0,0,0,0,0,0,0,0,0,0,0,0,0,1,"0"
"Row171",1,0,2,1,1,1,1,0,2,0,0,0,0,1,0,0,0,3,2,0,0,0,0,0,0,1,0,0,1,3,1,2,0,2,0,0,0,0,0,1,0,0,2,0,2,4,4,0,4,0,0,0,0,0,0,4,0,0,0,0,0,2,0,0,0,0,0,0,"1"
"Row172",0,0,0,0,1,0,0,0,0,0,1,0,0,0,0,0,0,0,0,0,0,0,0,0,0,0,0,0,0,0,0,0,0,0,1,0,0,0,0,0,0,0,0,0,0,0,0,0,0,0,0,0,0,0,0,0,0,0,0,0,0,0,0,0,0,0,0,0,"0"
"Row174",0,0,0,0,1,0,0,0,0,0,0,0,0,0,0,0,0,1,0,1,0,0,0,0,0,0,0,0,0,0,0,0,1,0,0,0,1,0,0,0,0,0,0,0,0,0,0,0,0,0,0,0,0,0,0,0,0,0,0,0,0,0,0,0,0,0,0,0,"0"
"Row175",1,0,1,2,4,0,4,0,0,0,0,0,0,0,0,1,0,1,0,0,0,0,0,0,0,0,0,0,0,0,0,1,0,0,0,0,0,0,0,0,0,0,0,0,0,0,0,0,0,0,0,0,0,0,0,0,0,0,0,0,0,0,0,0,0,0,0,0,"0"
"Row176",4,0,4,4,0,0,0,0,0,0,0,0,0,0,0,0,0,0,0,0,0,0,0,0,0,0,0,0,0,0,1,0,0,0,1,0,0,0,0,0,0,0,0,0,0,0,0,0,0,0,0,0,0,0,0,0,0,0,0,0,0,0,0,0,0,0,0,0,"0"
"Row177",1,0,0,1,1,0,1,0,1,0,0,1,0,0,0,1,1,1,1,0,0,1,0,0,0,0,0,0,0,0,0,0,0,0,0,0,0,0,0,0,0,0,0,0,0,0,0,0,0,0,0,0,0,0,0,0,0,0,0,0,0,0,0,0,0,0,0,0,"0"
"Row178",1,0,1,1,0,1,0,0,0,0,0,0,0,0,0,1,0,1,1,1,0,0,0,0,0,0,0,0,0,0,0,0,0,0,0,0,0,0,0,0,0,0,0,0,0,0,0,0,0,0,0,0,0,0,0,0,0,0,0,0,0,0,0,0,0,0,0,0,"0"
"Row179",1,0,1,0,0,1,0,0,1,0,0,0,0,1,0,1,0,1,1,0,0,0,1,0,0,0,0,0,1,0,0,0,0,0,0,0,0,0,0,0,0,0,0,0,0,1,0,0,1,0,0,0,0,0,0,0,0,0,0,0,0,0,0,0,0,0,0,0,"0"
"Row180",0,0,0,0,0,0,0,0,0,0,0,0,0,0,0,1,0,1,1,1,0,0,0,0,0,0,0,0,0,0,0,0,1,0,1,0,1,0,1,0,1,0,0,0,0,0,0,0,0,1,0,0,0,0,0,0,0,0,0,0,0,0,0,0,0,0,0,0,"0"
"Row182",0,0,0,1,1,0,0,0,1,0,0,0,0,,0,0,0,2,0,1,0,1,0,0,0,0,0,0,,0,0,0,0,0,0,0,0,0,1,3,,1,0,0,1,0,1,0,0,0,0,0,0,0,0,0,0,0,0,0,0,1,0,0,0,1,0,0,"0"
"Row184",2,2,3,4,4,4,0,0,3,0,0,0,0,0,0,0,0,2,4,4,0,1,0,0,0,0,0,0,0,4,1,0,1,0,3,0,0,0,2,0,0,0,1,,0,0,1,0,0,0,0,0,0,1,0,0,0,0,0,0,0,0,0,0,0,0,0,0,"1"
"Row186",1,0,1,1,0,0,1,0,2,0,0,0,0,0,0,0,0,0,0,1,0,1,0,0,0,0,0,0,0,0,1,0,1,0,1,0,0,0,1,1,1,0,1,0,0,0,1,0,1,0,0,0,0,0,0,0,0,0,0,0,0,1,0,0,0,1,0,0,"0"
"Row188",1,0,1,1,0,1,1,0,2,0,1,0,1,0,0,0,0,2,2,1,0,1,0,0,0,0,0,0,0,0,0,1,0,0,1,0,0,0,0,1,0,0,1,0,1,0,1,0,1,0,0,0,0,0,0,0,0,0,0,0,0,1,0,0,0,1,0,1,"0"
"Row189",4,1,4,4,4,1,4,0,,0,4,0,0,0,0,1,0,0,1,1,1,0,0,2,0,0,0,0,0,0,,1,0,0,4,0,0,0,0,,,0,1,0,0,0,1,0,1,0,0,0,,0,0,0,0,0,0,0,0,0,0,0,0,0,0,0,"0"
"Row190",1,0,1,1,4,1,0,0,0,0,0,0,0,0,0,0,0,0,0,0,0,0,0,0,0,0,0,0,0,0,0,1,0,0,0,0,0,0,0,1,,0,0,0,0,0,0,0,0,0,,0,0,0,0,0,0,0,0,0,0,0,0,0,0,0,0,0,"0"
"Row191",1,,1,1,1,0,0,0,0,0,0,0,0,0,0,1,0,0,0,2,0,0,0,0,0,0,0,0,0,0,0,0,0,0,0,0,0,0,0,0,0,0,0,0,0,0,0,0,0,0,0,0,0,0,0,0,0,0,0,0,0,0,0,0,1,0,0,0,"0"
"Row193",1,0,0,1,1,0,1,0,0,0,0,0,0,1,0,0,0,0,0,0,0,0,0,0,0,0,0,0,0,0,0,0,0,0,0,0,0,0,0,0,0,0,0,0,0,0,0,0,0,0,0,0,0,0,0,0,0,0,0,0,0,0,0,0,0,0,0,0,"0"
"Row195",,0,0,0,,1,0,0,4,0,0,0,0,0,0,4,1,4,4,4,4,0,1,0,0,0,0,0,0,4,0,1,0,1,0,0,0,0,1,0,0,0,0,0,0,0,0,0,0,0,1,0,1,0,0,0,0,0,0,0,0,0,0,0,0,,0,0,"1"
"Row196",,0,,0,0,0,1,0,0,0,0,0,0,0,0,0,0,0,0,,0,0,0,0,0,0,0,0,0,0,0,0,0,0,0,,1,0,0,,0,0,,0,0,0,0,0,0,,0,,0,0,0,0,,,0,0,0,0,0,,0,0,0,0,"0"
"Row197",,,,,3,1,2,,1,0,0,0,0,0,0,2,0,2,3,1,1,2,0,0,0,0,0,0,0,1,1,1,0,1,2,0,1,0,2,1,3,0,4,0,2,0,1,0,0,2,1,1,1,0,0,2,0,2,1,0,0,4,1,0,0,2,0,1,"1"
"Row198",1,0,4,4,4,0,1,0,1,0,0,0,0,0,0,1,0,0,1,1,0,0,0,0,0,0,0,0,0,0,0,0,0,0,0,0,0,0,0,0,0,0,0,0,0,0,2,0,1,0,0,0,0,0,0,0,0,0,0,0,0,1,0,0,0,0,0,0,"0"
"Row199",0,0,0,0,0,0,0,0,0,0,0,0,0,0,0,0,0,1,1,4,0,0,0,0,0,0,0,0,0,4,0,0,0,0,0,0,0,0,0,0,0,0,0,0,0,0,0,0,0,0,0,0,0,0,0,0,0,0,0,0,0,0,0,0,0,0,0,0,"1"
"Row205",0,0,1,1,0,0,1,0,0,0,0,0,0,0,0,0,0,0,0,1,0,0,0,0,0,0,0,0,0,0,0,0,0,0,1,0,0,0,1,0,0,0,0,0,0,0,0,0,1,0,0,0,0,0,0,0,0,0,,0,0,0,0,0,0,0,0,0,"0"
"Row206",1,0,2,4,4,0,4,0,4,0,0,0,0,1,0,1,0,1,2,2,0,1,0,2,0,0,1,0,0,0,1,1,1,1,2,0,4,0,1,1,4,0,1,0,1,0,1,0,2,0,0,0,0,0,0,4,0,0,2,4,0,2,0,2,0,0,0,0,"1"
"Row207",1,0,1,1,1,0,0,0,1,0,0,0,0,0,0,0,0,1,0,1,0,0,0,0,0,0,0,0,0,0,0,0,0,0,0,0,0,0,0,0,0,0,0,0,0,0,0,0,1,0,0,0,0,0,0,0,0,0,0,0,0,0,0,0,0,0,0,0,"0"
"Row208",0,0,0,0,1,0,1,0,0,0,0,0,0,0,0,0,0,0,0,0,0,0,0,0,0,0,0,0,0,0,0,0,0,0,0,0,0,0,0,0,0,0,0,0,0,0,0,0,1,0,0,0,0,0,0,0,0,0,0,0,0,0,0,0,0,0,0,0,"0"
"Row209",2,1,3,3,1,1,3,1,3,1,1,0,0,1,0,0,0,1,0,1,0,1,0,0,0,0,0,0,0,1,0,1,1,0,1,0,1,0,0,1,0,0,1,0,0,0,1,0,1,0,0,0,0,0,0,0,0,0,0,0,0,0,0,0,0,0,0,0,"0"
"Row210",1,0,0,1,0,0,1,0,0,0,0,0,0,0,0,0,0,0,1,1,0,0,0,0,0,0,0,0,0,0,1,0,0,0,1,0,0,0,0,0,0,0,0,0,0,0,0,0,0,0,0,0,0,0,0,0,0,0,0,0,0,0,0,0,0,0,0,0,"0"
"Row211",1,0,1,4,4,0,3,0,0,0,0,0,0,1,0,0,0,0,2,0,0,1,0,1,0,0,0,0,0,0,0,0,0,0,0,0,0,0,0,0,0,0,1,0,0,0,1,0,1,0,0,0,0,0,0,0,0,0,0,0,0,0,0,0,0,0,0,0,"0"
"Row212",1,0,1,1,0,1,0,0,0,0,0,0,0,1,0,1,0,0,1,1,0,1,0,,0,0,0,0,0,0,0,0,0,0,2,0,1,0,0,1,0,0,0,0,0,0,0,0,0,0,0,0,0,0,0,0,0,0,0,0,0,0,0,0,0,0,0,0,"0"
"Row214",0,0,1,1,1,0,0,0,1,0,1,0,0,0,0,0,1,1,1,1,4,1,1,0,0,1,1,0,1,0,0,0,0,0,1,0,1,0,1,1,1,0,0,0,0,0,0,0,0,0,1,0,0,0,0,0,0,0,0,0,0,0,0,0,0,0,0,0,"1"
"Row215",4,3,4,4,4,1,4,0,4,0,1,2,0,4,4,0,0,0,0,0,0,0,0,0,0,0,0,0,0,0,4,0,1,3,0,0,4,0,1,4,0,4,2,2,4,1,4,1,2,0,0,0,0,0,0,1,0,0,0,0,0,0,0,0,0,0,0,0,"0"
"Row216",0,0,1,4,4,0,2,0,1,0,0,0,0,0,0,0,0,0,2,4,0,0,0,0,0,0,0,0,0,0,0,0,0,0,0,0,1,0,1,1,1,0,0,0,1,0,0,0,0,0,0,1,2,0,0,1,0,1,0,1,0,0,0,0,0,0,0,0,"0"
"Row217",1,1,0,1,0,0,1,0,1,0,0,0,0,0,0,1,1,1,2,0,1,0,1,0,0,0,0,0,1,4,0,0,2,0,1,0,2,0,2,1,1,0,0,0,1,0,0,0,0,1,0,1,4,0,0,0,0,0,0,0,0,0,0,0,0,1,0,1,"1"
"Row220",1,0,0,1,4,0,2,0,2,0,2,1,0,1,0,0,1,1,1,1,0,0,0,0,0,0,0,0,1,0,1,0,1,2,1,0,1,0,0,2,1,1,0,0,2,1,1,1,0,0,0,0,0,0,0,1,0,0,0,0,0,0,0,0,0,1,0,1,"0"
"Row222",4,1,4,4,4,1,2,0,1,0,1,0,0,1,0,0,0,1,0,0,0,0,0,0,0,0,0,0,0,0,1,1,2,1,1,0,2,0,1,1,2,0,0,0,0,0,0,1,1,0,0,0,0,0,0,0,0,0,0,0,0,0,0,0,0,0,0,0,"0"
"Row223",0,0,0,0,0,0,0,0,0,0,0,0,0,0,0,0,0,1,1,1,0,0,0,0,0,0,1,0,0,0,0,0,0,0,0,0,0,0,0,0,0,0,1,0,0,0,1,0,0,0,0,0,0,0,0,0,0,0,0,0,0,0,0,0,0,1,0,0,"0"
"Row224",1,0,1,1,0,0,0,0,0,0,0,0,0,0,0,0,0,0,1,1,0,1,0,0,0,0,1,0,0,0,0,0,0,0,0,0,1,0,0,1,0,0,0,0,0,0,0,0,1,0,0,1,0,0,0,1,0,0,0,0,0,1,0,0,0,0,0,1,"0"
"Row226",1,0,0,0,0,0,0,0,0,0,0,0,0,0,0,0,0,0,0,0,0,0,0,0,0,0,0,0,0,0,0,0,0,0,0,0,0,0,0,0,0,1,0,1,0,0,0,0,0,0,0,0,0,0,0,0,0,0,0,0,0,0,0,0,0,0,0,0,"0"
"Row229",0,0,0,0,0,0,0,0,0,0,0,0,0,0,0,0,0,0,0,0,0,0,1,0,0,0,0,0,0,0,0,0,0,0,0,0,0,0,0,0,0,0,0,0,0,0,0,0,0,0,0,0,0,0,0,0,0,0,0,0,0,0,0,0,0,0,0,0,"0"
"Row230",2,,2,2,,0,,0,2,,,1,2,0,,0,0,1,0,0,0,0,0,0,0,0,0,0,0,,2,2,2,2,0,0,,0,1,1,1,1,2,1,1,1,1,0,1,0,0,0,0,0,0,0,0,0,0,0,0,0,0,0,0,0,0,0,"0"
"Row231",4,0,4,4,0,0,1,0,,0,0,1,0,0,0,0,0,0,0,1,0,0,0,,,1,,0,0,,,1,0,0,0,,0,1,0,,0,0,,0,,,1,0,0,,0,0,0,0,0,0,0,0,,0,0,,0,0,0,0,0,0,"0"
"Row233",0,0,0,0,1,0,0,0,1,0,0,0,0,0,0,0,0,0,1,,,0,0,,,0,,0,0,0,,0,0,0,0,,0,0,0,0,0,0,0,0,1,0,0,0,0,0,,0,0,0,,0,0,0,,0,0,,,0,,0,0,0,"0"
"Row235",1,0,2,1,1,1,0,0,2,0,0,0,0,0,0,,0,1,1,2,0,1,0,1,0,0,0,0,0,0,1,1,0,2,0,0,0,0,1,2,0,0,0,0,2,0,0,0,1,0,1,1,1,0,0,0,1,1,1,0,0,1,0,1,0,2,0,1,"1"
"Row239",1,1,,,,,0,,,,,0,0,0,0,1,0,,,,0,0,0,0,0,0,0,,0,0,0,0,0,0,0,0,0,0,1,0,1,0,0,1,0,0,0,0,0,0,0,0,0,0,0,1,0,0,0,0,0,3,0,0,0,0,0,0,"0"
"Row240",0,0,0,0,0,0,0,0,0,0,0,0,0,0,0,0,0,0,0,0,0,0,0,0,0,0,0,0,0,0,0,0,1,0,1,0,1,0,1,0,0,0,0,0,0,0,0,0,0,0,0,0,0,0,0,0,0,0,0,0,0,0,0,0,0,0,,0,"0"
"Row241",0,0,0,0,0,0,0,0,0,0,0,0,0,0,0,0,0,0,0,0,0,0,0,0,0,0,0,0,0,0,0,0,0,0,0,0,0,0,0,0,0,0,0,0,0,0,0,0,0,0,0,0,0,0,0,0,0,0,0,0,0,0,0,0,0,0,0,0,"0"
"Row242",1,0,0,1,,0,0,0,0,0,0,0,0,0,0,0,0,1,,1,0,0,0,0,0,0,0,0,0,0,,0,0,0,1,0,0,0,0,0,0,,0,0,0,0,0,0,1,0,0,,0,1,0,0,0,0,0,0,,0,0,0,0,0,0,1,"0"
"Row243",0,0,0,0,0,0,0,0,0,0,0,0,0,0,0,0,0,0,0,0,0,0,0,,,0,0,0,0,0,0,0,0,0,0,0,0,0,0,0,0,0,0,0,0,0,0,0,0,0,0,0,0,0,0,0,0,0,0,0,0,0,0,0,0,0,0,0,"0"
"Row247",1,0,1,1,0,0,1,0,2,0,1,0,0,0,0,0,0,1,1,1,1,1,0,0,0,1,0,0,0,0,0,1,0,1,0,2,1,0,0,1,0,0,0,0,1,0,0,0,0,0,1,0,0,0,0,0,1,0,0,0,0,0,0,0,0,0,0,0,"0"
"Row249",1,0,1,2,4,1,1,0,1,0,0,0,0,0,1,1,0,1,2,3,0,2,0,1,0,1,0,0,0,0,1,1,0,1,1,0,0,1,0,2,0,1,2,2,1,0,2,0,2,1,0,0,0,0,0,1,1,0,1,0,0,2,0,0,0,2,0,2,"1"
"Row250",1,0,4,4,4,0,0,0,0,0,0,0,0,0,0,1,0,0,0,0,0,0,0,0,0,0,0,0,0,0,0,0,0,0,0,0,0,0,0,0,0,0,1,1,0,1,0,0,0,0,0,0,0,0,0,0,0,0,0,0,0,0,0,0,0,0,0,0,"0"
"Row251",0,3,0,0,0,0,0,0,1,0,0,0,0,0,0,0,1,1,0,1,0,0,0,0,0,0,0,0,0,0,0,0,0,0,0,0,0,0,0,0,0,0,0,0,0,0,0,0,0,0,0,0,0,0,0,0,0,0,0,0,0,0,0,0,0,0,0,0,"0"
"Row252",4,0,4,4,4,1,4,0,4,0,0,4,0,0,0,1,0,3,1,4,0,0,0,0,0,0,0,0,0,0,4,2,2,2,0,0,0,2,0,4,0,0,4,1,4,0,4,0,0,0,0,0,0,0,0,0,0,0,,0,0,0,0,0,0,0,0,0,"1"
"Row254",0,0,1,0,1,1,0,0,2,0,1,0,0,1,0,2,1,1,1,0,1,0,0,0,0,0,0,0,1,0,0,1,1,1,2,0,3,1,4,4,2,0,3,0,4,2,2,0,4,1,2,0,0,0,0,0,0,0,0,0,0,1,0,0,1,1,0,0,"0"
"Row256",0,0,0,0,0,0,0,0,0,0,0,0,0,0,0,0,0,0,0,4,0,0,0,0,0,0,0,0,0,0,0,0,0,0,0,0,0,0,0,0,0,0,0,0,0,0,0,0,0,0,0,0,0,0,0,0,0,0,0,0,0,0,0,0,0,0,0,0,"0"
"Row257",1,0,0,1,0,0,0,0,0,0,0,0,0,0,0,0,0,0,0,1,0,0,0,0,0,0,0,0,0,0,1,1,0,0,0,0,0,0,0,0,0,0,0,0,0,0,0,0,0,0,0,0,0,0,0,0,0,0,0,0,0,0,0,0,0,0,0,0,"0"
"Row258",1,1,4,1,0,1,0,0,1,0,0,0,0,4,0,0,0,0,1,4,0,0,0,0,0,0,0,0,0,0,0,0,0,1,1,0,1,0,0,1,1,0,0,0,1,1,0,0,0,0,0,0,0,0,0,0,0,0,0,0,0,0,0,0,0,0,0,0,"0"
"Row259",4,0,1,1,1,1,0,0,0,4,1,0,0,1,0,0,0,4,1,4,0,0,0,0,0,0,0,0,0,0,1,0,0,0,0,0,0,0,0,0,0,0,0,0,0,0,0,0,0,0,0,0,0,0,0,0,0,0,0,0,0,0,0,0,0,0,0,0,"1"
"Row260",1,0,1,1,1,0,0,0,1,2,0,0,0,1,0,0,0,4,1,4,0,0,0,0,0,0,0,0,0,0,0,0,1,0,1,0,0,0,0,0,0,1,1,1,0,1,0,0,0,0,0,0,0,0,0,0,0,0,0,0,0,0,0,0,0,0,0,0,"1"
"Row261",1,1,0,1,0,0,1,0,0,0,1,0,0,0,0,0,0,1,1,1,0,1,0,0,0,0,0,0,0,0,0,0,0,0,1,0,1,0,1,0,1,0,0,0,0,0,0,0,0,0,0,0,0,0,0,0,0,0,0,0,0,1,0,0,0,1,0,0,"0"
"Row263",2,1,,1,,1,1,0,2,1,1,0,0,1,0,1,0,1,1,1,0,1,0,0,0,0,1,0,1,2,1,1,3,1,4,0,1,0,3,2,2,1,1,0,1,1,1,0,1,0,0,0,0,1,0,0,0,1,0,0,0,1,0,0,0,1,0,1,"0"
"Row265",2,1,1,1,4,0,0,0,0,2,0,0,0,0,0,0,0,0,0,1,0,0,0,0,0,0,0,0,0,0,0,0,0,0,1,0,0,0,0,0,0,0,1,0,0,0,1,0,0,0,0,0,0,0,0,0,0,0,0,0,0,0,0,0,0,0,0,0,"0"
"Row268",4,0,3,4,4,0,4,0,4,0,0,0,0,0,0,0,0,0,0,0,0,0,0,0,0,0,0,0,0,0,1,1,0,1,1,0,0,0,0,4,1,1,4,1,4,0,4,0,2,0,0,0,0,0,0,0,0,0,0,0,0,0,0,0,0,0,0,0,"0"
"Row271",1,0,1,1,4,0,,0,1,0,0,0,0,0,0,1,0,1,0,0,0,0,0,0,0,0,0,0,0,0,1,0,0,0,1,0,0,0,1,1,0,0,1,,0,0,0,0,0,1,1,0,0,1,0,0,0,0,0,0,0,1,0,0,0,0,0,0,"0"
"Row272",,,,,,,,,,,,0,0,0,0,1,0,1,1,0,0,0,0,0,0,0,0,0,0,0,0,1,0,0,2,0,1,0,0,0,0,0,0,0,0,0,0,0,0,1,0,0,0,0,0,0,0,0,0,,0,0,0,0,0,0,0,0,"0"
"Row273",0,0,0,0,0,0,0,0,1,0,0,0,0,0,0,,,1,1,1,1,0,0,0,0,0,0,0,1,0,0,0,0,0,1,0,0,0,0,1,1,0,0,0,0,0,0,0,0,,0,0,,0,0,0,0,0,0,0,0,0,0,0,0,0,0,0,"0"
"Row275",,,,,,,,,,,,,,0,0,0,1,1,1,2,0,1,1,1,1,0,0,0,1,1,1,1,1,1,0,0,1,1,0,1,1,1,0,0,1,0,0,0,0,0,1,0,0,0,0,0,0,0,0,0,0,0,0,0,0,0,0,0,"1"
"Row277",0,,,,2,0,,0,0,0,1,0,0,1,0,1,0,0,0,1,0,0,0,0,0,0,0,0,0,0,0,0,0,0,1,0,0,0,0,0,0,0,0,0,0,0,0,0,0,0,0,0,0,0,0,0,0,0,0,0,0,0,0,0,0,0,0,0,"0"
"Row283",1,,,1,,0,1,,1,0,,0,,0,0,,,,0,1,0,0,0,0,0,0,,,0,0,1,1,1,1,2,0,0,0,0,1,,1,0,1,1,,1,0,,,0,0,0,0,0,0,0,0,0,0,0,0,0,0,0,0,0,0,"0"
"Row284",0,0,1,,0,1,,0,,0,1,,0,0,0,0,,,,0,1,0,,0,0,0,0,,1,,,,,1,1,,0,1,1,1,0,0,0,,0,0,,0,1,0,1,,,,0,0,,0,0,0,0,0,0,,0,0,0,0,"0"
"Row285",0,1,,2,,3,,1,1,0,,0,0,1,0,1,2,2,,0,,0,1,0,1,,0,,1,0,0,1,1,1,1,0,,,1,1,1,,,1,,,,0,0,0,1,,,0,,0,1,,0,0,0,0,0,0,0,0,0,0,"0"
"Row288",,0,1,1,,,1,0,2,,1,0,0,1,0,1,0,1,1,1,1,,0,1,0,1,,0,0,0,1,1,0,1,,0,,0,0,,0,,1,1,,0,1,1,1,0,0,0,0,0,0,0,0,0,0,0,0,0,0,0,0,0,0,0,"0"
"Row290",,1,,1,3,0,1,0,2,0,,0,0,0,4,0,0,1,0,0,0,0,0,0,0,0,0,0,0,0,0,0,,0,0,0,0,0,0,1,0,0,1,0,0,,1,0,0,0,0,0,0,1,0,0,0,0,0,0,0,0,0,0,0,0,0,0,"0"
"Row291",,0,,,0,0,0,0,0,,0,0,0,0,3,0,0,2,1,0,0,,0,0,0,0,0,0,0,0,0,0,0,0,2,0,0,0,0,2,0,0,0,0,1,0,0,0,0,0,0,0,0,0,0,0,0,0,0,0,0,0,0,,0,0,0,0,"0"
"Row292",1,,,,1,1,,,0,4,0,0,0,0,4,,0,4,4,,0,0,0,0,,0,4,0,0,4,,,,,0,0,,0,,0,4,0,0,0,0,0,,,,,0,0,0,0,0,,,0,0,0,,0,,0,,0,0,4,"1"
"Row293",1,,1,2,3,0,,0,1,0,,0,0,0,,,0,0,4,0,0,,,0,0,,0,0,0,0,1,0,0,0,0,0,2,0,0,,2,4,4,4,,0,,0,0,,0,0,0,0,0,2,0,0,,0,,,0,0,0,0,0,1,"0"
"Row294",,,,,1,1,1,,4,0,1,0,0,1,,2,1,2,3,1,1,0,2,0,0,0,0,0,2,0,0,1,2,1,2,0,1,1,2,3,1,1,0,0,1,3,0,0,0,1,1,1,0,0,1,0,,0,0,0,0,0,0,1,0,0,0,0,"1"
"Row295",,,,,1,1,,0,2,0,,,0,1,2,,,1,1,1,,1,,1,0,1,0,0,0,0,0,,2,,1,0,,0,,1,,1,0,0,1,,0,,1,0,,0,0,0,0,0,0,0,0,0,0,0,0,0,0,0,0,0,"0"
"Row296",,,,,,,,,0,0,0,,0,,0,0,,4,0,,0,0,0,0,0,0,0,0,0,0,0,0,0,0,1,0,0,0,0,1,0,0,0,1,1,0,0,0,0,0,0,0,0,0,0,0,0,0,0,0,0,0,0,0,0,0,0,0,"0"
"Row297",,0,1,,2,4,1,0,2,0,1,,0,0,1,,0,4,1,4,0,4,1,3,0,,,0,1,2,,,,,1,0,0,0,1,,1,3,1,1,0,3,0,1,1,2,3,2,3,3,3,1,3,2,4,,3,2,2,4,0,2,1,1,"1"
"Row298",0,0,0,2,4,0,1,0,1,0,0,2,0,0,0,4,0,0,4,2,0,1,0,0,0,0,0,1,2,4,0,0,0,0,0,0,1,0,1,0,0,0,,0,0,0,0,0,0,0,0,0,0,0,0,0,0,0,0,0,0,,0,0,0,0,0,0,"1"
"Row299",,0,4,,,1,,0,0,0,3,4,0,1,,1,,4,4,0,0,1,0,,4,0,,0,,4,,,,,0,0,,0,,,0,0,0,0,,,0,,,0,0,,0,0,0,0,,0,,0,0,0,0,0,0,0,0,0,"1"
"Row300",,0,,1,,0,0,0,,,1,,1,0,0,0,0,0,,0,0,0,0,0,0,0,0,,0,0,,0,0,,1,0,0,1,0,0,,0,0,0,0,0,,,0,0,0,0,0,0,0,0,0,0,0,0,0,0,0,0,0,,0,0,"0"
"Row301",0,,2,1,1,0,0,0,0,0,1,0,0,0,0,0,0,0,0,0,,,0,0,0,0,0,,0,0,0,0,0,0,0,0,0,0,0,,,0,0,,0,0,0,0,0,0,0,0,0,0,0,0,0,0,0,0,0,0,0,0,0,0,0,0,"0"
"Row303",1,1,1,,,0,0,0,1,1,1,0,,,,0,1,2,2,0,0,0,,0,0,0,,0,0,3,0,0,0,,,0,0,0,0,,0,,0,0,0,0,0,0,0,0,0,0,0,0,0,0,0,0,0,0,0,0,0,0,0,0,0,0,"1"
"Row304",1,0,1,1,,0,,0,,0,1,0,0,0,0,0,0,1,,1,0,0,0,0,0,0,0,0,0,1,1,,0,1,1,0,0,0,0,1,0,0,0,0,1,1,0,0,0,0,0,0,1,0,0,0,0,0,0,0,0,0,0,0,0,0,0,0,"0"
"Row305",1,0,0,2,,0,,0,1,1,0,,0,0,0,,,2,3,1,1,,0,0,0,1,1,0,0,1,1,1,0,1,1,0,0,0,0,0,0,0,1,0,0,0,0,0,0,0,0,0,0,0,0,0,0,0,0,0,0,1,0,0,0,0,0,1,"0"
"Row306",1,0,1,1,0,0,0,0,1,0,0,0,0,0,0,0,0,,2,2,0,2,0,0,0,0,,0,0,1,0,,2,0,0,0,1,0,2,1,0,0,0,0,0,0,1,0,0,0,1,,0,0,0,0,1,0,0,2,0,0,0,1,0,0,0,0,"0"
"Row307",1,,,3,4,0,2,0,1,0,2,,0,1,2,,,,0,3,0,0,0,,0,1,0,0,1,4,0,,0,0,1,0,,0,0,1,1,0,2,,1,0,2,0,0,0,0,0,0,0,0,0,0,0,0,0,0,0,0,0,0,0,0,0,"1"
"Row310",4,1,2,2,,1,1,,2,,,,,1,,0,,0,0,0,0,,1,0,0,,,0,0,,0,0,0,0,,0,,0,0,0,0,0,1,0,,0,0,0,1,0,0,,0,0,0,0,0,0,0,0,0,0,0,0,0,0,0,0,"0"
"Row311",0,,0,0,,0,0,0,,0,0,,0,0,0,0,0,0,0,0,0,0,0,0,0,0,0,0,,0,0,0,0,,0,,0,0,0,0,0,0,0,0,0,0,0,0,0,0,0,0,0,0,,0,0,0,0,0,0,0,0,0,0,0,0,0,"0"
"Row312",,,1,1,0,0,0,0,0,0,0,0,,0,,,4,4,4,4,,4,4,4,,,4,,4,4,4,4,4,,,4,,,,,4,4,,4,4,4,4,,4,4,4,4,4,4,,4,,,4,,,0,0,4,4,4,,,"1"
"Row313",1,0,,1,,,1,0,1,0,0,0,0,1,0,0,1,1,1,1,1,1,0,0,0,0,0,0,1,0,1,,0,1,2,,1,0,,2,1,,0,1,1,0,0,0,1,0,1,0,0,1,0,0,0,0,0,0,0,0,1,0,1,0,0,1,"0"
"Row314",1,0,1,1,1,1,1,0,1,0,0,0,0,1,0,0,1,1,1,1,1,1,0,0,0,0,0,0,1,0,1,1,0,1,2,0,1,0,1,2,1,0,0,1,1,0,0,0,1,0,1,0,0,1,0,0,0,0,0,0,0,0,1,0,0,0,0,1,"0"
"Row315",0,0,0,1,0,0,0,,1,,,0,,0,0,1,,0,1,0,0,0,1,0,0,1,0,0,,1,0,0,1,0,0,,0,,0,0,0,,0,0,,0,0,0,,,0,0,0,0,0,0,0,0,0,0,0,0,0,0,0,0,0,0,"0"
"Row316",,0,0,0,0,0,0,0,0,0,0,0,0,0,0,,0,0,0,0,0,,0,,0,0,,,,,0,0,0,0,0,0,0,0,0,0,0,0,,0,0,0,0,0,0,0,0,0,,0,,0,0,0,0,0,0,0,0,0,0,0,0,0,"0"
"Row317",0,0,,1,1,,1,0,,,1,0,0,0,0,0,0,0,0,1,0,,0,0,0,,0,,0,0,0,0,0,0,1,0,0,0,0,0,0,0,0,0,0,,0,0,0,0,0,0,0,0,0,0,0,0,0,0,0,0,0,0,0,0,0,0,"0"
"Row318",0,0,0,0,0,0,0,,0,0,0,0,0,0,0,0,0,0,0,,0,0,0,0,0,0,0,0,,0,0,0,0,0,,0,0,0,0,0,0,0,0,0,0,,0,0,0,0,0,0,0,0,0,0,0,0,0,0,0,0,0,0,0,0,0,0,"0"
"Row319",,0,0,0,0,0,0,,0,0,0,0,,0,0,0,0,0,0,0,0,0,0,0,,0,0,,0,0,0,0,0,0,0,0,0,0,0,0,0,0,0,0,0,0,0,0,0,0,0,0,0,0,,0,,0,0,0,0,0,0,0,0,0,0,0,"0"
"Row320",1,,1,1,1,0,0,0,0,0,,0,,0,1,1,0,1,2,1,1,1,0,0,0,,1,0,1,4,1,0,0,1,0,0,1,1,1,1,1,1,1,1,1,1,1,0,1,1,,,1,1,0,1,,1,1,1,1,1,1,1,0,1,,1,"0"
"Row321",1,0,1,1,0,,1,0,2,0,1,0,0,0,4,0,0,2,1,0,0,1,0,0,0,1,0,0,0,4,1,0,0,0,0,0,0,0,0,1,0,1,0,1,1,0,0,0,0,0,0,0,0,0,0,0,0,0,0,0,0,0,0,0,0,0,0,0,"1"
